From,To,Species,Gene Name
FBgn0022160,47611,Drosophila melanogaster,Glycerophosphate oxidase-1(Gpo-1)
FBgn0038795,42421,Drosophila melanogaster,CG4335 gene product from transcript CG4335-RA(CG4335)
FBgn0033490,36065,Drosophila melanogaster,CG12917 gene product from transcript CG12917-RB(CG12917)
FBgn0038797,42423,Drosophila melanogaster,Dicarboxylate carrier 2(Dic2)
FBgn0266582,38378,Drosophila melanogaster,NADH dehydrogenase (ubiquinone) 30 kDa subunit(ND-30)
FBgn0001220,36583,Drosophila melanogaster,Heat shock protein cognate 5(Hsc70-5)
FBgn0035334,38301,Drosophila melanogaster,CG8993 gene product from transcript CG8993-RA(CG8993)
FBgn0003360,32007,Drosophila melanogaster,stress-sensitive B(sesB)
FBgn0052649,32239,Drosophila melanogaster,CG32649 gene product from transcript CG32649-RA(CG32649)
FBgn0032229,34402,Drosophila melanogaster,CG5045 gene product from transcript CG5045-RB(CG5045)
FBgn0032222,34394,Drosophila melanogaster,CG5037 gene product from transcript CG5037-RA(CG5037)
FBgn0027088,39644,Drosophila melanogaster,Glycyl-tRNA synthetase(Aats-gly)
FBgn0263977,3355107,Drosophila melanogaster,CG40451 gene product from transcript CG40451-RA(Tim17b)
FBgn0013685,19893555,Drosophila melanogaster,NADH dehydrogenase subunit 6(ND6)
FBgn0027084,31904,Drosophila melanogaster,Lysyl-tRNA synthetase(Aats-lys)
FBgn0035473,38459,Drosophila melanogaster,maggie(mge)
FBgn0027085,38581,Drosophila melanogaster,Leucyl-tRNA synthetase(Aats-leu)
FBgn0027087,32841,Drosophila melanogaster,Histidyl-tRNA synthetase(Aats-his)
FBgn0039674,43483,Drosophila melanogaster,CG1907 gene product from transcript CG1907-RA(CG1907)
FBgn0027081,45784,Drosophila melanogaster,Threonyl-tRNA synthetase(Aats-thr)
FBgn0027082,38331,Drosophila melanogaster,Prolyl-tRNA synthetase(Aats-pro)
FBgn0016041,44978,Drosophila melanogaster,Translocase of outer membrane 40(Tom40)
FBgn0027083,41733,Drosophila melanogaster,mitochondrial methionyl-tRNA synthetase(Aats-met-m)
FBgn0034735,37571,Drosophila melanogaster,CG4610 gene product from transcript CG4610-RA(CG4610)
FBgn0051007,318553,Drosophila melanogaster,CG31007 gene product from transcript CG31007-RA(CG31007)
FBgn0051008,318554,Drosophila melanogaster,CG31008 gene product from transcript CG31008-RA(CG31008)
FBgn0015245,32045,Drosophila melanogaster,Heat shock protein 60(Hsp60)
FBgn0051682,318883,Drosophila melanogaster,Testis EndoG-Like 1(Tengl1)
FBgn0001941,33836,Drosophila melanogaster,infertile crescent(ifc)
FBgn0040079,34957,Drosophila melanogaster,CG4132 gene product from transcript CG4132-RA(pkaap)
FBgn0001230,42852,Drosophila melanogaster,Heat shock protein 68(Hsp68)
FBgn0011769,39070,Drosophila melanogaster,Ferredoxin 1(Fdx1)
FBgn0029706,31377,Drosophila melanogaster,CG3626 gene product from transcript CG3626-RA(CG3626)
FBgn0275436,36547,Drosophila melanogaster,mitochondrial phenylalanyl-tRNA synthetase(Aats-phe-m)
FBgn0033373,35918,Drosophila melanogaster,CG8080 gene product from transcript CG8080-RC(CG8080)
FBgn0039358,43102,Drosophila melanogaster,CG5028 gene product from transcript CG5028-RB(CG5028)
FBgn0029963,31688,Drosophila melanogaster,CG10920 gene product from transcript CG10920-RA(CG10920)
FBgn0040391,31219,Drosophila melanogaster,CG2854 gene product from transcript CG2854-RA(CG2854)
FBgn0038678,42290,Drosophila melanogaster,mitochondrial ribosomal protein L55(mRpL55)
FBgn0019957,42591,Drosophila melanogaster,NADH dehydrogenase (ubiquinone) 42 kDa subunit(ND-42)
FBgn0029969,31695,Drosophila melanogaster,CG10932 gene product from transcript CG10932-RB(CG10932)
FBgn0031844,33933,Drosophila melanogaster,CG13771 gene product from transcript CG13771-RA(CG13771)
FBgn0038271,41800,Drosophila melanogaster,Ubiquinol-cytochrome c reductase core protein 1(UQCR-C1)
FBgn0015946,40014,Drosophila melanogaster,CG4345 gene product from transcript CG4345-RA(grim)
FBgn0031392,33390,Drosophila melanogaster,Apoptosis inducing factor(AIF)
FBgn0004888,38447,Drosophila melanogaster,Succinyl coenzyme A synthetase alpha subunit(Scsalpha)
FBgn0032646,35060,Drosophila melanogaster,CG6412 gene product from transcript CG6412-RA(CG6412)
FBgn0001216,39542,Drosophila melanogaster,Heat shock protein cognate 1(Hsc70-1)
FBgn0039349,43092,Drosophila melanogaster,Succinic semialdehyde dehydrogenase(Ssadh)
FBgn0032744,35172,Drosophila melanogaster,Tetratricopeptide repeat domain 19(Ttc19)
FBgn0283494,37834,Drosophila melanogaster,Adenylate kinase 2(Adk2)
FBgn0015268,37798,Drosophila melanogaster,Nucleosome assembly protein 1(Nap1)
FBgn0013676,19893540,Drosophila melanogaster,cytochrome c oxidase subunit III(COX3)
FBgn0029823,31524,Drosophila melanogaster,CG3011 gene product from transcript CG3011-RA(CG3011)
FBgn0001217,41609,Drosophila melanogaster,Heat shock protein cognate 2(Hsc70-2)
FBgn0021967,44228,Drosophila melanogaster,NADH dehydrogenase (ubiquinone) PDSW subunit(ND-PDSW)
FBgn0261938,33285,Drosophila melanogaster,mitochondrial RNA polymerase(mtRNApol)
FBgn0263987,31459,Drosophila melanogaster,spoonbill(spoon)
FBgn0013672,19893539,Drosophila melanogaster,ATP synthase F0 subunit 6(ATP6)
FBgn0011787,44326,Drosophila melanogaster,mitochondrial ribosomal protein L12(mRpL12)
FBgn0033465,36031,Drosophila melanogaster,Electron transfer flavoprotein-ubiquinone oxidoreductase(Etf-QO)
FBgn0032261,34446,Drosophila melanogaster,CG6094 gene product from transcript CG6094-RB(CG6094)
FBgn0001125,33373,Drosophila melanogaster,Glutamate oxaloacetate transaminase 2(Got2)
FBgn0040871,50344,Drosophila melanogaster,CG12479 gene product from transcript CG12479-RA(CG12479)
FBgn0026261,37587,Drosophila melanogaster,CG4207 gene product from transcript CG4207-RA(bonsai)
FBgn0023517,31143,Drosophila melanogaster,Phosphoglycerate mutase 5(Pgam5)
FBgn0004363,34500,Drosophila melanogaster,CG6647 gene product from transcript CG6647-RB(porin)
FBgn0051159,42670,Drosophila melanogaster,Elongation Factor G2(EF-G2)
FBgn0040237,53565,Drosophila melanogaster,belphegor(bor)
FBgn0031824,33911,Drosophila melanogaster,CG9547 gene product from transcript CG9547-RA(CG9547)
FBgn0023507,31184,Drosophila melanogaster,CG3835 gene product from transcript CG3835-RC(CG3835)
FBgn0027945,40349,Drosophila melanogaster,pumpless(ppl)
FBgn0265726,32329,Drosophila melanogaster,Drosophila Nna1 ortholog(NnaD)
FBgn0032393,34613,Drosophila melanogaster,CG12264 gene product from transcript CG12264-RA(CG12264)
FBgn0033248,35763,Drosophila melanogaster,Dicarboxylate carrier 3(Dic3)
FBgn0263863,42671,Drosophila melanogaster,mitochondrial ribosomal protein L45(mRpL45)
FBgn0032595,34998,Drosophila melanogaster,CG17996 gene product from transcript CG17996-RA(CG17996)
FBgn0039561,43353,Drosophila melanogaster,mitoferrin(mfrn)
FBgn0019960,42587,Drosophila melanogaster,CG6455 gene product from transcript CG6455-RC(Mitofilin)
FBgn0034307,37075,Drosophila melanogaster,CG10914 gene product from transcript CG10914-RA(CG10914)
FBgn0040389,31222,Drosophila melanogaster,mitochondrial ribosomal protein L14(mRpL14)
FBgn0051244,326129,Drosophila melanogaster,CG31244 gene product from transcript CG31244-RA(CG31244)
FBgn0032486,34720,Drosophila melanogaster,CG5705 gene product from transcript CG5705-RA(CG5705)
FBgn0001247,40248,Drosophila melanogaster,Insulin degrading metalloproteinase(Ide)
FBgn0040751,50224,Drosophila melanogaster,CG13018 gene product from transcript CG13018-RA(CG13018)
FBgn0038038,41521,Drosophila melanogaster,CG5167 gene product from transcript CG5167-RA(CG5167)
FBgn0001248,44291,Drosophila melanogaster,Isocitrate dehydrogenase(Idh)
FBgn0035591,38601,Drosophila melanogaster,CG4611 gene product from transcript CG4611-RA(CG4611)
FBgn0032287,34474,Drosophila melanogaster,CG6415 gene product from transcript CG6415-RA(CG6415)
FBgn0023537,30995,Drosophila melanogaster,CG17896 gene product from transcript CG17896-RB(CG17896)
FBgn0015808,44183,Drosophila melanogaster,Sterol carrier protein X-related thiolase(ScpX)
FBgn0051679,33404,Drosophila melanogaster,Testis EndoG-Like 3(Tengl3)
FBgn0023535,46717,Drosophila melanogaster,arginase(arg)
FBgn0039697,43515,Drosophila melanogaster,CG7834 gene product from transcript CG7834-RB(CG7834)
FBgn0039593,43390,Drosophila melanogaster,Stress induced DNase(Sid)
FBgn0039592,43389,Drosophila melanogaster,CG14062 gene product from transcript CG14062-RB(CG14062)
FBgn0016691,41845,Drosophila melanogaster,"ATP synthase, oligomycin sensitivity conferring protein(ATPsynO)"
FBgn0039694,43511,Drosophila melanogaster,fos intronic gene(fig)
FBgn0051133,318604,Drosophila melanogaster,Seryl-tRNA synthetase-like insect mitochondrial protein(Slimp)
FBgn0015031,46040,Drosophila melanogaster,cyclope(cype)
FBgn0035392,38364,Drosophila melanogaster,CG1271 gene product from transcript CG1271-RC(CG1271)
FBgn0030966,32878,Drosophila melanogaster,CG7280 gene product from transcript CG7280-RA(CG7280)
FBgn0001142,33172,Drosophila melanogaster,Glutamine synthetase 1(Gs1)
FBgn0003388,39592,Drosophila melanogaster,shade(shd)
FBgn0038570,3771951,Drosophila melanogaster,Peroxiredoxin 5(Prx5)
FBgn0053503,2768720,Drosophila melanogaster,CG33503 gene product from transcript CG33503-RA(Cyp12d1-d)
FBgn0032971,35437,Drosophila melanogaster,tiny tim 3(ttm3)
FBgn0051278,41282,Drosophila melanogaster,CG31278 gene product from transcript CG31278-RA(CG31278)
FBgn0035587,38597,Drosophila melanogaster,GDAP1 ortholog(Gdap1)
FBgn0051874,318995,Drosophila melanogaster,CG31874 gene product from transcript CG31874-RA(CG31874)
FBgn0040268,35236,Drosophila melanogaster,Topoisomerase 3alpha(Top3alpha)
FBgn0085483,5740130,Drosophila melanogaster,CG34454 gene product from transcript CG34454-RA(CG34454)
FBgn0038584,42182,Drosophila melanogaster,CG7175 gene product from transcript CG7175-RA(mTerf5)
FBgn0039689,43503,Drosophila melanogaster,"Complex I intermediate-associated protein, 30 kDa(CIA30)"
FBgn0266599,41840,Drosophila melanogaster,Heat shock protein cognate 4(Hsc70-4)
FBgn0035383,38355,Drosophila melanogaster,CG2107 gene product from transcript CG2107-RA(CG2107)
FBgn0039588,43382,Drosophila melanogaster,CG12413 gene product from transcript CG12413-RA(CG12413)
FBgn0032986,35452,Drosophila melanogaster,CG3262 gene product from transcript CG3262-RE(CG3262)
FBgn0031817,33902,Drosophila melanogaster,CG9531 gene product from transcript CG9531-RA(CG9531)
FBgn0031814,33899,Drosophila melanogaster,real-time(retm)
FBgn0041100,40336,Drosophila melanogaster,parkin(park)
FBgn0069354,34499,Drosophila melanogaster,CG17137 gene product from transcript CG17137-RB(Porin2)
FBgn0069923,3355108,Drosophila melanogaster,CG41128 gene product from transcript CG41128-RB(CG41128)
FBgn0027291,32940,Drosophila melanogaster,lethal (1) G0156(l(1)G0156)
FBgn0037912,3772221,Drosophila melanogaster,scheggia(sea)
FBgn0011244,48572,Drosophila melanogaster,Heat shock protein 60 related(Hsp60B)
FBgn0033413,35969,Drosophila melanogaster,preli-like(prel)
FBgn0037574,40988,Drosophila melanogaster,Coenzyme Q biosynthesis protein 2(Coq2)
FBgn0261985,38059,Drosophila melanogaster,Protein tyrosine phosphatase Meg(Ptpmeg)
FBgn0014877,36508,Drosophila melanogaster,CG6155 gene product from transcript CG6155-RA(Roe1)
FBgn0029514,38161,Drosophila melanogaster,CG9166 gene product from transcript CG9166-RA(312)
FBgn0037778,41228,Drosophila melanogaster,mitochondrial transcription factor B2(mtTFB2)
FBgn0029890,31606,Drosophila melanogaster,CG4095 gene product from transcript CG4095-RA(CG4095)
FBgn0029891,31607,Drosophila melanogaster,PTEN-induced putative kinase 1(Pink1)
FBgn0033918,36584,Drosophila melanogaster,CG8531 gene product from transcript CG8531-RA(CG8531)
FBgn0038519,42109,Drosophila melanogaster,Peroxiredoxin 3(Prx3)
FBgn0031039,3772641,Drosophila melanogaster,CG14209 gene product from transcript CG14209-RE(Shawn)
FBgn0033816,36466,Drosophila melanogaster,CG4679 gene product from transcript CG4679-RA(CG4679)
FBgn0024360,31081,Drosophila melanogaster,CG11418 gene product from transcript CG11418-RC(CG11418)
FBgn0033005,35475,Drosophila melanogaster,CG3107 gene product from transcript CG3107-RB(CG3107)
FBgn0027794,31095,Drosophila melanogaster,Leucine-rich pentatricopeptide repeat containing 2(Lrpprc2)
FBgn0063923,3772691,Drosophila melanogaster,CG1220 gene product from transcript CG1220-RE(Kaz1-ORFB)
FBgn0002567,35940,Drosophila melanogaster,CG8024 gene product from transcript CG8024-RD(Rab32)
FBgn0037901,41374,Drosophila melanogaster,CG6744 gene product from transcript CG6744-RA(CG6744)
FBgn0000447,41022,Drosophila melanogaster,Dihydroorotate dehydrogenase(Dhod)
FBgn0261618,53567,Drosophila melanogaster,La related protein(larp)
FBgn0017482,37551,Drosophila melanogaster,Type III alcohol dehydrogenase(T3dh)
FBgn0000449,45282,Drosophila melanogaster,disembodied(dib)
FBgn0086712,36242,Drosophila melanogaster,Enigma(Egm)
FBgn0029783,31480,Drosophila melanogaster,Sirtuin 4(Sirt4)
FBgn0065035,2768870,Drosophila melanogaster,CG33250 gene product from transcript CG33250-RA(AlkB)
FBgn0037170,40475,Drosophila melanogaster,thioredoxin reductase 2(Trxr-2)
FBgn0027786,38026,Drosophila melanogaster,Mitochondrial carrier homolog 1(Mtch)
FBgn0033900,36563,Drosophila melanogaster,CG8257 gene product from transcript CG8257-RB(CG8257)
FBgn0024556,44438,Drosophila melanogaster,Elongation factor Tu mitochondrial(EfTuM)
FBgn0037862,41326,Drosophila melanogaster,CG4706 gene product from transcript CG4706-RA(CG4706)
FBgn0038428,41993,Drosophila melanogaster,CG14894 gene product from transcript CG14894-RB(CG14894)
FBgn0053002,318825,Drosophila melanogaster,mitochondrial ribosomal protein L27(mRpL27)
FBgn0004406,34792,Drosophila melanogaster,tamas(tam)
FBgn0037696,41132,Drosophila melanogaster,Glutathione S transferase Z1(GstZ1)
FBgn0037697,41133,Drosophila melanogaster,Glutathione S transferase Z2(GstZ2)
FBgn0021765,32789,Drosophila melanogaster,scully(scu)
FBgn0030853,32740,Drosophila melanogaster,NADH dehydrogenase (ubiquinone) 24 kDa subunit(ND-24)
FBgn0261862,36109,Drosophila melanogaster,withered(whd)
FBgn0004407,3772064,Drosophila melanogaster,DNA polymerase gamma 35kD(DNApol-gamma35)
FBgn0038737,42359,Drosophila melanogaster,CG11447 gene product from transcript CG11447-RA(CG11447)
FBgn0260223,8674071,Drosophila melanogaster,CG42497 gene product from transcript CG42497-RA(CG42497)
FBgn0040907,50381,Drosophila melanogaster,mitochondrial ribosomal protein L33(mRpL33)
FBgn0030407,32212,Drosophila melanogaster,CG2543 gene product from transcript CG2543-RA(CG2543)
FBgn0031684,33744,Drosophila melanogaster,NADH dehydrogenase (ubiquinone) 13 kDa A subunit(ND-13A)
FBgn0051739,326155,Drosophila melanogaster,CG31739 gene product from transcript CG31739-RA(CG31739)
FBgn0037146,40443,Drosophila melanogaster,CG7470 gene product from transcript CG7470-RB(CG7470)
FBgn0042094,41318,Drosophila melanogaster,Adenylate kinase 3(Adk3)
FBgn0003141,35292,Drosophila melanogaster,purple(pr)
FBgn0011706,40015,Drosophila melanogaster,reaper(rpr)
FBgn0030724,32573,Drosophila melanogaster,CG9212 gene product from transcript CG9212-RC(Nipsnap)
FBgn0032430,34656,Drosophila melanogaster,CG6388 gene product from transcript CG6388-RA(CG6388)
FBgn0031419,33422,Drosophila melanogaster,CG15390 gene product from transcript CG15390-RA(CG15390)
FBgn0034792,37636,Drosophila melanogaster,CG3499 gene product from transcript CG3499-RD(CG3499)
FBgn0010052,36780,Drosophila melanogaster,Juvenile hormone esterase(Jhe)
FBgn0038745,42369,Drosophila melanogaster,CG4538 gene product from transcript CG4538-RC(CG4538)
FBgn0036774,40001,Drosophila melanogaster,mitochondrial ribosomal protein S26(mRpS26)
FBgn0038742,42364,Drosophila melanogaster,CG4703 gene product from transcript CG4703-RA(Arc42)
FBgn0014092,34970,Drosophila melanogaster,CG4278 gene product from transcript CG4278-RA(CG4278)
FBgn0037298,40623,Drosophila melanogaster,CG2604 gene product from transcript CG2604-RC(CG2604)
FBgn0266268,43757,Drosophila melanogaster,Ferrochelatase(FeCH)
FBgn0030529,32349,Drosophila melanogaster,Chloride intracellular channel(Clic)
FBgn0037880,41349,Drosophila melanogaster,CG17726 gene product from transcript CG17726-RA(CG17726)
FBgn0024992,31253,Drosophila melanogaster,CG2658 gene product from transcript CG2658-RC(CG2658)
FBgn0039635,43437,Drosophila melanogaster,CG11876 gene product from transcript CG11876-RA(CG11876)
FBgn0015582,36203,Drosophila melanogaster,defective in the avoidance of repellents(dare)
FBgn0029945,31668,Drosophila melanogaster,CG18155 gene product from transcript CG18155-RB(CG18155)
FBgn0029858,31568,Drosophila melanogaster,CG15896 gene product from transcript CG15896-RB(CG15896)
FBgn0029949,31673,Drosophila melanogaster,CG15035 gene product from transcript CG15035-RA(CG15035)
FBgn0003423,33117,Drosophila melanogaster,sluggish A(slgA)
FBgn0024986,44736,Drosophila melanogaster,CG3719 gene product from transcript CG3719-RA(CG3719)
FBgn0000337,35724,Drosophila melanogaster,cinnabar(cn)
FBgn0019624,41432,Drosophila melanogaster,Cytochrome c oxidase subunit 5A(COX5A)
FBgn0029854,31562,Drosophila melanogaster,CG3566 gene product from transcript CG3566-RB(CG3566)
FBgn0028375,34961,Drosophila melanogaster,heixuedian(heix)
FBgn0029942,31663,Drosophila melanogaster,CG2059 gene product from transcript CG2059-RB(CG2059)
FBgn0028479,34276,Drosophila melanogaster,Mitochondrial trifunctional protein alpha subunit(Mtpalpha)
FBgn0032525,34763,Drosophila melanogaster,CG16954 gene product from transcript CG16954-RA(Hsp60D)
FBgn0031060,32982,Drosophila melanogaster,CG14231 gene product from transcript CG14231-RB(CG14231)
FBgn0012036,34256,Drosophila melanogaster,Aldehyde dehydrogenase(Aldh)
FBgn0030786,32662,Drosophila melanogaster,mitochondrial ribosomal protein L22(mRpL22)
FBgn0261955,31579,Drosophila melanogaster,knockdown(kdn)
FBgn0029958,31683,Drosophila melanogaster,Pyruvate dehydrogenase phosphatase(Pdp)
FBgn0039909,43798,Drosophila melanogaster,NADH dehydrogenase (ubiquinone) 49 kDa subunit(ND-49)
FBgn0030883,32776,Drosophila melanogaster,CG7772 gene product from transcript CG7772-RA(CG7772)
FBgn0036892,40138,Drosophila melanogaster,Lon protease(Lon)
FBgn0021750,41862,Drosophila melanogaster,Seryl-tRNA synthetase(Aats-ser)
FBgn0037138,40434,Drosophila melanogaster,delta-1-Pyrroline-5-carboxylate dehydrogenase 1(P5CDh1)
FBgn0036691,39910,Drosophila melanogaster,bad egg(beg)
FBgn0034432,37217,Drosophila melanogaster,CG7461 gene product from transcript CG7461-RC(CG7461)
FBgn0038662,42268,Drosophila melanogaster,Mitochondrial pyruvate carrier(Mpc1)
FBgn0041164,38427,Drosophila melanogaster,armitage(armi)
FBgn0037529,40932,Drosophila melanogaster,mitochondrial ribosomal protein S9(mRpS9)
FBgn0000406,35008,Drosophila melanogaster,Cytochrome b5-related(Cyt-b5-r)
FBgn0031068,32991,Drosophila melanogaster,Augmenter of liver regeneration(Alr)
FBgn0037232,40543,Drosophila melanogaster,CG9791 gene product from transcript CG9791-RD(CG9791)
FBgn0031264,33232,Drosophila melanogaster,CG11835 gene product from transcript CG11835-RD(CG11835)
FBgn0037526,40929,Drosophila melanogaster,CG10092 gene product from transcript CG10092-RB(CG10092)
FBgn0265178,36795,Drosophila melanogaster,CG44243 gene product from transcript CG44243-RA(CG44243)
FBgn0013432,31186,Drosophila melanogaster,CG3717 gene product from transcript CG3717-RA(bcn92)
FBgn0032205,34374,Drosophila melanogaster,CG4957 gene product from transcript CG4957-RA(CG4957)
FBgn0040064,34313,Drosophila melanogaster,yippee interacting protein 2(yip2)
FBgn0039205,42926,Drosophila melanogaster,CG13623 gene product from transcript CG13623-RA(CG13623)
FBgn0030612,32441,Drosophila melanogaster,CG5599 gene product from transcript CG5599-RA(CG5599)
FBgn0004087,42003,Drosophila melanogaster,Dihydrofolate reductase(Dhfr)
FBgn0261625,36396,Drosophila melanogaster,Glutaminase(GLS)
FBgn0028499,42178,Drosophila melanogaster,CG7985 gene product from transcript CG7985-RB(CG7985)
FBgn0031247,33200,Drosophila melanogaster,CG11562 gene product from transcript CG11562-RA(CG11562)
FBgn0031359,33350,Drosophila melanogaster,Rim2 ortholog (S. cerevisiae)(Rim2)
FBgn0003312,44858,Drosophila melanogaster,shadow(sad)
FBgn0038649,42254,Drosophila melanogaster,CG7718 gene product from transcript CG7718-RA(CG7718)
FBgn0037643,41067,Drosophila melanogaster,skpA associated protein(skap)
FBgn0024957,41269,Drosophila melanogaster,Iron regulatory protein 1B(Irp-1B)
FBgn0024958,42689,Drosophila melanogaster,Iron regulatory protein 1A(Irp-1A)
FBgn0037251,40565,Drosophila melanogaster,CG9804 gene product from transcript CG9804-RA(CG9804)
FBgn0037646,41070,Drosophila melanogaster,Carbonic anhydrase beta(CAHbeta)
FBgn0039115,42811,Drosophila melanogaster,CG10214 gene product from transcript CG10214-RA(CG10214)
FBgn0031240,33192,Drosophila melanogaster,CG3345 gene product from transcript CG3345-RA(CG3345)
FBgn0262619,37791,Drosophila melanogaster,DNA ligase I(DNA-ligI)
FBgn0029722,31407,Drosophila melanogaster,CG7024 gene product from transcript CG7024-RA(CG7024)
FBgn0011455,46260,Drosophila melanogaster,NADH dehydrogenase (ubiquinone) SGDH subunit(ND-SGDH)
FBgn0039111,42807,Drosophila melanogaster,PTEN-like phosphatase(Plip)
FBgn0031659,33714,Drosophila melanogaster,CG14043 gene product from transcript CG14043-RA(CG14043)
FBgn0035088,37996,Drosophila melanogaster,CG3776 gene product from transcript CG3776-RB(CG3776)
FBgn0029158,40259,Drosophila melanogaster,Lipoic acid synthase(Las)
FBgn0036999,40270,Drosophila melanogaster,iso Glutaminyl cyclase(isoQC)
FBgn0039153,42861,Drosophila melanogaster,CG5463 gene product from transcript CG5463-RA(CG5463)
FBgn0003891,37417,Drosophila melanogaster,tudor(tud)
FBgn0039846,43710,Drosophila melanogaster,CG11337 gene product from transcript CG11337-RD(CG11337)
FBgn0025592,43913,Drosophila melanogaster,Glycerol kinase(Gyk)
FBgn0029153,3772692,Drosophila melanogaster,Malic enzyme like-2(Menl-2)
FBgn0029155,43936,Drosophila melanogaster,Malic enzyme b(Men-b)
FBgn0034472,37268,Drosophila melanogaster,CG8517 gene product from transcript CG8517-RA(CG8517)
FBgn0029154,3772542,Drosophila melanogaster,Malic enzyme like-1(Menl-1)
FBgn0261266,34609,Drosophila melanogaster,zucchini(zuc)
FBgn0033761,36392,Drosophila melanogaster,CG8778 gene product from transcript CG8778-RA(CG8778)
FBgn0001098,42832,Drosophila melanogaster,Glutamate dehydrogenase(Gdh)
FBgn0083968,4379884,Drosophila melanogaster,CG34132 gene product from transcript CG34132-RA(CG34132)
FBgn0036334,39476,Drosophila melanogaster,CG11267 gene product from transcript CG11267-RA(CG11267)
FBgn0010501,37729,Drosophila melanogaster,Death caspase-1(Dcp-1)
FBgn0034087,36793,Drosophila melanogaster,clueless(clu)
FBgn0032603,35009,Drosophila melanogaster,CG17928 gene product from transcript CG17928-RA(CG17928)
FBgn0043799,192528,Drosophila melanogaster,CG31381 gene product from transcript CG31381-RA(CG31381)
FBgn0264740,19836181,Drosophila melanogaster,CG43998 gene product from transcript CG43998-RB(CG43998)
FBgn0264741,42827,Drosophila melanogaster,CG43999 gene product from transcript CG43999-RC(CG43999)
FBgn0039856,43722,Drosophila melanogaster,CG1774 gene product from transcript CG1774-RA(CG1774)
FBgn0033879,36536,Drosophila melanogaster,CG6543 gene product from transcript CG6543-RA(CG6543)
FBgn0033086,35568,Drosophila melanogaster,CG9410 gene product from transcript CG9410-RA(CG9410)
FBgn0011361,38154,Drosophila melanogaster,NADH dehydrogenase (ubiquinone) acyl carrier protein(ND-ACP)
FBgn0028962,38595,Drosophila melanogaster,mitochondrial alanyl-tRNA synthetase(Aats-ala-m)
FBgn0261276,36578,Drosophila melanogaster,Optic atrophy 1 ortholog (H. sapiens)(Opa1)
FBgn0039854,43720,Drosophila melanogaster,CG1635 gene product from transcript CG1635-RA(CG1635)
FBgn0026741,36406,Drosophila melanogaster,mitochondrial ribosomal protein L18(mRpL18)
FBgn0039855,43721,Drosophila melanogaster,CG1638 gene product from transcript CG1638-RB(CG1638)
FBgn0037008,40279,Drosophila melanogaster,CG5047 gene product from transcript CG5047-RA(mTerf3)
FBgn0010100,44149,Drosophila melanogaster,Aconitase(Acon)
FBgn0260779,42283,Drosophila melanogaster,"Glutamyl-tRNA(Gln) amidotransferase, subunit A(GatA)"
FBgn0037999,41480,Drosophila melanogaster,CG4860 gene product from transcript CG4860-RA(CG4860)
FBgn0026619,36405,Drosophila melanogaster,Tafazzin(Taz)
FBgn0030352,32151,Drosophila melanogaster,severe impairment of CI with lengthened youth(sicily)
FBgn0029131,53585,Drosophila melanogaster,Death executioner Bcl-2 homologue(Debcl)
FBgn0010352,39899,Drosophila melanogaster,Neural conserved at 73EF(Nc73EF)
FBgn0027580,36020,Drosophila melanogaster,Pyruvate carboxylase(PCB)
FBgn0033883,36540,Drosophila melanogaster,CG16935 gene product from transcript CG16935-RA(CG16935)
FBgn0033079,35561,Drosophila melanogaster,Flavin-containing monooxygenase 2(Fmo-2)
FBgn0036210,39335,Drosophila melanogaster,CG14130 gene product from transcript CG14130-RA(CG14130)
FBgn0037801,41253,Drosophila melanogaster,CG3999 gene product from transcript CG3999-RA(CG3999)
FBgn0035852,38915,Drosophila melanogaster,CG7387 gene product from transcript CG7387-RA(CG7387)
FBgn0033074,35553,Drosophila melanogaster,CG8330 gene product from transcript CG8330-RA(tomboy40)
FBgn0036162,39281,Drosophila melanogaster,CG6140 gene product from transcript CG6140-RB(CG6140)
FBgn0030686,32523,Drosophila melanogaster,mitochondrial ribosomal protein L3(mRpL3)
FBgn0030482,32297,Drosophila melanogaster,CG1673 gene product from transcript CG1673-RA(CG1673)
FBgn0039737,43562,Drosophila melanogaster,CG7920 gene product from transcript CG7920-RA(CG7920)
FBgn0260407,318977,Drosophila melanogaster,mitochondrial ribosomal protein S23(mRpS23)
FBgn0002354,49762,Drosophila melanogaster,lethal (3) 87Df(l(3)87Df)
FBgn0028848,34776,Drosophila melanogaster,CG7311 gene product from transcript CG7311-RD(CG7311)
FBgn0031728,33796,Drosophila melanogaster,CG7235 gene product from transcript CG7235-RA(Hsp60C)
FBgn0030478,32292,Drosophila melanogaster,CG1640 gene product from transcript CG1640-RB(CG1640)
FBgn0028436,40732,Drosophila melanogaster,CG10610 gene product from transcript CG10610-RA(ECSIT)
FBgn0026566,40814,Drosophila melanogaster,CG1307 gene product from transcript CG1307-RE(CG1307)
FBgn0039126,42826,Drosophila melanogaster,CG13601 gene product from transcript CG13601-RA(CG13601)
FBgn0039020,42697,Drosophila melanogaster,CG17141 gene product from transcript CG17141-RA(CG17141)
FBgn0050022,36233,Drosophila melanogaster,CG30022 gene product from transcript CG30022-RB(CG30022)
FBgn0030679,32516,Drosophila melanogaster,CG8206 gene product from transcript CG8206-RB(CG8206)
FBgn0037816,41271,Drosophila melanogaster,CG6345 gene product from transcript CG6345-RA(CG6345)
FBgn0026761,35559,Drosophila melanogaster,CG3152 gene product from transcript CG3152-RA(Trap1)
FBgn0029594,31148,Drosophila melanogaster,CG14806 gene product from transcript CG14806-RA(CG14806)
FBgn0036702,39922,Drosophila melanogaster,CG6512 gene product from transcript CG6512-RB(CG6512)
FBgn0031092,33016,Drosophila melanogaster,CG9577 gene product from transcript CG9577-RA(CG9577)
FBgn0021944,44701,Drosophila melanogaster,Coproporphyrinogen oxidase(Coprox)
FBgn0083953,4379851,Drosophila melanogaster,CG34117 gene product from transcript CG34117-RA(CG34117)
FBgn0036569,39762,Drosophila melanogaster,CG5414 gene product from transcript CG5414-RB(CG5414)
FBgn0030676,32512,Drosophila melanogaster,CG12379 gene product from transcript CG12379-RB(CG12379)
FBgn0003997,40009,Drosophila melanogaster,head involution defective(hid)
FBgn0017567,44207,Drosophila melanogaster,NADH dehydrogenase (ubiquinone) 23 kDa subunit(ND-23)
FBgn0028426,36086,Drosophila melanogaster,Juvenile hormone-inducible protein 1(JhI-1)
FBgn0017566,31762,Drosophila melanogaster,NADH dehydrogenase (ubiquinone) 75 kDa subunit(ND-75)
FBgn0262559,42185,Drosophila melanogaster,Malate dehydrogenase 2(Mdh2)
FBgn0031713,33777,Drosophila melanogaster,CG7277 gene product from transcript CG7277-RA(CG7277)
FBgn0028325,31406,Drosophila melanogaster,lethal (1) G0334(l(1)G0334)
FBgn0030460,32272,Drosophila melanogaster,CG2453 gene product from transcript CG2453-RC(CG2453)
FBgn0260747,32701,Drosophila melanogaster,CG5010 gene product from transcript CG5010-RA(CG5010)
FBgn0011211,37617,Drosophila melanogaster,bellwether(blw)
FBgn0033523,36103,Drosophila melanogaster,CG12895 gene product from transcript CG12895-RB(CG12895)
FBgn0260744,41450,Drosophila melanogaster,Transport and Golgi organization 9(Tango9)
FBgn0036208,39333,Drosophila melanogaster,CG10361 gene product from transcript CG10361-RA(CG10361)
FBgn0033830,36481,Drosophila melanogaster,CG10814 gene product from transcript CG10814-RA(CG10814)
FBgn0086907,34995,Drosophila melanogaster,Cytochrome c distal(Cyt-c-d)
FBgn0039189,42906,Drosophila melanogaster,CG18528 gene product from transcript CG18528-RA(CG18528)
FBgn0036488,39656,Drosophila melanogaster,CG6878 gene product from transcript CG6878-RA(CG6878)
FBgn0036824,40059,Drosophila melanogaster,CG3902 gene product from transcript CG3902-RA(CG3902)
FBgn0033734,36357,Drosophila melanogaster,CG8520 gene product from transcript CG8520-RA(CG8520)
FBgn0030344,32143,Drosophila melanogaster,CG2025 gene product from transcript CG2025-RA(CG2025)
FBgn0002719,47173,Drosophila melanogaster,Malic enzyme(Men)
FBgn0036763,39989,Drosophila melanogaster,CG7441 gene product from transcript CG7441-RA(CG7441)
FBgn0039993,3355069,Drosophila melanogaster,CG17691 gene product from transcript CG17691-RC(CG17691)
FBgn0037186,40492,Drosophila melanogaster,CG11241 gene product from transcript CG11241-RC(CG11241)
FBgn0262467,33711,Drosophila melanogaster,Synthesis of cytochrome c oxidase(Scox)
FBgn0027579,43350,Drosophila melanogaster,minotaur(mino)
FBgn0042185,59223,Drosophila melanogaster,CG18769 gene product from transcript CG18769-RH(CG18769)
FBgn0026409,39587,Drosophila melanogaster,Mitochondrial phosphate carrier protein(Mpcp)
FBgn0042083,59261,Drosophila melanogaster,CG3267 gene product from transcript CG3267-RA(CG3267)
FBgn0031500,33521,Drosophila melanogaster,CG17221 gene product from transcript CG17221-RB(CG17221)
FBgn0036629,39828,Drosophila melanogaster,CG4573 gene product from transcript CG4573-RA(CG4573)
FBgn0039071,42756,Drosophila melanogaster,CG4434 gene product from transcript CG4434-RA(CG4434)
FBgn0036833,40069,Drosophila melanogaster,CG3819 gene product from transcript CG3819-RB(CG3819)
FBgn0030584,32410,Drosophila melanogaster,CG14407 gene product from transcript CG14407-RA(CG14407)
FBgn0033038,35511,Drosophila melanogaster,CG7791 gene product from transcript CG7791-RA(CG7791)
FBgn0036831,40067,Drosophila melanogaster,CG6839 gene product from transcript CG6839-RA(CG6839)
FBgn0030217,31989,Drosophila melanogaster,CG2124 gene product from transcript CG2124-RA(CG2124)
FBgn0035064,37965,Drosophila melanogaster,mitochondrial tyrosyl-tRNA synthetase(Aats-tyr-m)
FBgn0053178,318913,Drosophila melanogaster,CG33178 gene product from transcript CG33178-RC(CG33178)
FBgn0028342,31950,Drosophila melanogaster,"ATP synthase, delta subunit(ATPsyndelta)"
FBgn0010213,36878,Drosophila melanogaster,Superoxide dismutase 2 (Mn)(Sod2)
FBgn0261381,8674019,Drosophila melanogaster,Mitochondrial Transcription Factor B1(mtTFB1)
FBgn0010217,43829,Drosophila melanogaster,"ATP synthase, beta subunit(ATPsynbeta)"
FBgn0261380,41293,Drosophila melanogaster,mitochondrial ribosomal protein L37(mRpL37)
FBgn0038708,42326,Drosophila melanogaster,CG6255 gene product from transcript CG6255-RA(CG6255)
FBgn0010316,36001,Drosophila melanogaster,dacapo(dap)
FBgn0003067,37131,Drosophila melanogaster,Phosphoenolpyruvate carboxykinase(Pepck)
FBgn0050093,246451,Drosophila melanogaster,Cytochrome c oxidase subunit 6A-like(COX6AL)
FBgn0039836,43699,Drosophila melanogaster,CG1750 gene product from transcript CG1750-RA(CG1750)
FBgn0030575,32399,Drosophila melanogaster,CG5321 gene product from transcript CG5321-RB(CG5321)
FBgn0037027,40302,Drosophila melanogaster,HP1 and insulator partner protein 1(HIPP1)
FBgn0030572,32395,Drosophila melanogaster,mitochondrial ribosomal protein S25(mRpS25)
FBgn0030573,32396,Drosophila melanogaster,CG5310 gene product from transcript CG5310-RA(nmdyn-D6)
FBgn0028530,34837,Drosophila melanogaster,mitochondrial transcription termination factor(mTTF)
FBgn0033712,36335,Drosophila melanogaster,CG13163 gene product from transcript CG13163-RB(CG13163)
FBgn0036321,39463,Drosophila melanogaster,CG14120 gene product from transcript CG14120-RA(CG14120)
FBgn0010222,47895,Drosophila melanogaster,NAD-dependent methylenetetrahydrofolate dehydrogenase(Nmdmc)
FBgn0035980,39067,Drosophila melanogaster,CG4447 gene product from transcript CG4447-RA(CG4447)
FBgn0027359,32081,Drosophila melanogaster,CG1728 gene product from transcript CG1728-RB(Tim8)
FBgn0036323,39465,Drosophila melanogaster,CG14118 gene product from transcript CG14118-RA(CG14118)
FBgn0026666,32513,Drosophila melanogaster,lethal (1) G0136(l(1)G0136)
FBgn0022774,40145,Drosophila melanogaster,Ornithine aminotransferase precursor(Oat)
FBgn0037857,41321,Drosophila melanogaster,Testis EndoG-Like 4(Tengl4)
FBgn0010516,36252,Drosophila melanogaster,walrus(wal)
FBgn0021906,44390,Drosophila melanogaster,Rieske iron-sulfur protein(RFeSP)
FBgn0030037,31775,Drosophila melanogaster,CG12125 gene product from transcript CG12125-RC(CG12125)
FBgn0030178,31944,Drosophila melanogaster,CG2974 gene product from transcript CG2974-RB(CG2974)
FBgn0263606,5740624,Drosophila melanogaster,Heat shock protein cognate 20(Hsc20)
FBgn0035203,38147,Drosophila melanogaster,CG9149 gene product from transcript CG9149-RA(CG9149)
FBgn0040660,50133,Drosophila melanogaster,CG13551 gene product from transcript CG13551-RA(CG13551)
FBgn0040529,50002,Drosophila melanogaster,Cytochrome c oxidase subunit 7A(COX7A)
FBgn0040666,50139,Drosophila melanogaster,CG12848 gene product from transcript CG12848-RA(CG12848)
FBgn0010438,41968,Drosophila melanogaster,mitochondrial single stranded DNA-binding protein(mtSSB)
FBgn0038925,42590,Drosophila melanogaster,Cytochrome c heme lyase(Cchl)
FBgn0052463,318044,Drosophila melanogaster,Testis EndoG-Like 2(Tengl2)
FBgn0002031,49168,Drosophila melanogaster,lethal (2) 37Cc(l(2)37Cc)
FBgn0051373,318700,Drosophila melanogaster,CG31373 gene product from transcript CG31373-RA(CG31373)
FBgn0020653,31760,Drosophila melanogaster,Thioredoxin reductase-1(Trxr-1)
FBgn0034276,37026,Drosophila melanogaster,Sarcosine dehydrogenase(Sardh)
FBgn0035674,38692,Drosophila melanogaster,CG13295 gene product from transcript CG13295-RA(CG13295)
FBgn0033570,36159,Drosophila melanogaster,NADH dehydrogenase (ubiquinone) B14 subunit(ND-B14)
FBgn0000181,45827,Drosophila melanogaster,bicaudal(bic)
FBgn0033672,36281,Drosophila melanogaster,rhomboid-7(rho-7)
FBgn0085453,37699,Drosophila melanogaster,CG34424 gene product from transcript CG34424-RA(CG34424)
FBgn0033673,36282,Drosophila melanogaster,CG8298 gene product from transcript CG8298-RC(CG8298)
FBgn0036928,40189,Drosophila melanogaster,Translocase of outer membrane 20(Tom20)
FBgn0085452,5740313,Drosophila melanogaster,CG34423 gene product from transcript CG34423-RB(CG34423)
FBgn0036927,40188,Drosophila melanogaster,CG7433 gene product from transcript CG7433-RC(CG7433)
FBgn0033961,36640,Drosophila melanogaster,NADH dehydrogenase (ubiquinone) B15 subunit(ND-B15)
FBgn0020370,36444,Drosophila melanogaster,tripeptidyl-peptidase II(TppII)
FBgn0038326,41869,Drosophila melanogaster,CG5044 gene product from transcript CG5044-RB(CG5044)
FBgn0033685,36300,Drosophila melanogaster,Organic solute carrier partner 1(OSCP1)
FBgn0020235,43507,Drosophila melanogaster,"ATP synthase, gamma subunit(ATPsyngamma)"
FBgn0035228,38177,Drosophila melanogaster,CG12091 gene product from transcript CG12091-RB(CG12091)
FBgn0022338,42273,Drosophila melanogaster,deoxyribonucleoside kinase(dnk)
FBgn0250816,3355150,Drosophila melanogaster,Argonaute 3(AGO3)
FBgn0034127,36839,Drosophila melanogaster,CG7848 gene product from transcript CG7848-RA(CG7848)
FBgn0250814,39846,Drosophila melanogaster,Ubiquinol-cytochrome c reductase core protein 2(UQCR-C2)
FBgn0032154,34307,Drosophila melanogaster,mitochondrial DNA helicase(mtDNA-helicase)
FBgn0040337,53546,Drosophila melanogaster,CG3021 gene product from transcript CG3021-RA(CG3021)
FBgn0262872,45683,Drosophila melanogaster,milton(milt)
FBgn0052174,261607,Drosophila melanogaster,CG32174 gene product from transcript CG32174-RD(CG32174)
FBgn0038805,42433,Drosophila melanogaster,mitochondrial transcription factor A(TFAM)
FBgn0033274,35797,Drosophila melanogaster,CG14757 gene product from transcript CG14757-RA(CG14757)
FBgn0028648,38796,Drosophila melanogaster,mitochondrial ribosomal protein L50(mRpL50)
FBgn0033273,35795,Drosophila melanogaster,GASZ ortholog(Gasz)
FBgn0010551,46038,Drosophila melanogaster,Prohibitin 2(Phb2)
FBgn0022344,42020,Drosophila melanogaster,CG10340 gene product from transcript CG10340-RA(CG10340)
FBgn0034390,37166,Drosophila melanogaster,CG15093 gene product from transcript CG15093-RB(CG15093)
FBgn0028646,43616,Drosophila melanogaster,CG2139 gene product from transcript CG2139-RC(aralar1)
FBgn0036808,40039,Drosophila melanogaster,Dicarboxylate carrier 4(Dic4)
FBgn0035942,39023,Drosophila melanogaster,CG5660 gene product from transcript CG5660-RB(CG5660)
FBgn0261353,39320,Drosophila melanogaster,Coiled-coil domain containing 56(Ccdc56)
FBgn0034299,37062,Drosophila melanogaster,CG5757 gene product from transcript CG5757-RB(CG5757)
FBgn0035032,37931,Drosophila melanogaster,"ATP synthase, subunit F(ATPsynF)"
FBgn0032162,34317,Drosophila melanogaster,CG4592 gene product from transcript CG4592-RB(CG4592)
FBgn0034943,37814,Drosophila melanogaster,Flavin-containing monooxygenase 1(Fmo-1)
FBgn0032161,34316,Drosophila melanogaster,CG4594 gene product from transcript CG4594-RB(CG4594)
FBgn0032160,34315,Drosophila melanogaster,CG4598 gene product from transcript CG4598-RB(CG4598)
FBgn0038319,41859,Drosophila melanogaster,mitochondrial ribosomal protein L9(mRpL9)
FBgn0033690,36309,Drosophila melanogaster,Endonuclease G(EndoG)
FBgn0036909,40159,Drosophila melanogaster,CG15881 gene product from transcript CG15881-RB(CG15881)
FBgn0035240,317974,Drosophila melanogaster,CG33791 gene product from transcript CG33791-RB(CG33791)
FBgn0035839,38901,Drosophila melanogaster,CG7550 gene product from transcript CG7550-RA(CG7550)
FBgn0028997,41174,Drosophila melanogaster,CG8362 gene product from transcript CG8362-RA(nmdyn-D7)
FBgn0014903,44620,Drosophila melanogaster,CG14630 gene product from transcript CG14630-RA(CG14630)
FBgn0033184,35681,Drosophila melanogaster,CG12736 gene product from transcript CG12736-RA(CG12736)
FBgn0019644,39143,Drosophila melanogaster,"ATP synthase, subunit B(ATPsynB)"
FBgn0026576,42849,Drosophila melanogaster,CG5991 gene product from transcript CG5991-RA(CG5991)
FBgn0016119,42759,Drosophila melanogaster,"ATP synthase, coupling factor 6(ATPsynCF6)"
FBgn0026479,33445,Drosophila melanogaster,Dynamin related protein 1(Drp1)
FBgn0250874,31266,Drosophila melanogaster,tiny tim 50(ttm50)
FBgn0032849,35299,Drosophila melanogaster,mitochondrial ribosomal protein S18B(mRpS18B)
FBgn0002174,48844,Drosophila melanogaster,lethal (2) tumorous imaginal discs(l(2)tid)
FBgn0038233,41756,Drosophila melanogaster,HTRA2-related serine protease(HtrA2)
FBgn0016120,42291,Drosophila melanogaster,"ATP synthase, subunit D(ATPsynD)"
FBgn0033190,35689,Drosophila melanogaster,CG2137 gene product from transcript CG2137-RA(CG2137)
FBgn0053346,2768690,Drosophila melanogaster,CG33346 gene product from transcript CG33346-RB(CG33346)
FBgn0034177,36909,Drosophila melanogaster,CG6796 gene product from transcript CG6796-RA(CG6796)
FBgn0032833,35279,Drosophila melanogaster,Cytochrome c oxidase subunit 4(COX4)
FBgn0035438,38413,Drosophila melanogaster,CG12013 gene product from transcript CG12013-RC(PHGPx)
FBgn0261439,37228,Drosophila melanogaster,"Succinate dehydrogenase, subunit A (flavoprotein)(SdhA)"
FBgn0025352,37784,Drosophila melanogaster,CG4581 gene product from transcript CG4581-RA(Thiolase)
FBgn0263911,40390,Drosophila melanogaster,Cytochrome c oxidase subunit 8(COX8)
FBgn0035266,38221,Drosophila melanogaster,Glycerol kinase(Gk)
FBgn0035600,38612,Drosophila melanogaster,Cytochrome c1(Cyt-c1)
FBgn0035811,38864,Drosophila melanogaster,CG12262 gene product from transcript CG12262-RA(CG12262)
FBgn0259726,7354411,Drosophila melanogaster,CG42380 gene product from transcript CG42380-RA(CG42380)
FBgn0035124,38049,Drosophila melanogaster,tiny tim 2(ttm2)
FBgn0032729,35156,Drosophila melanogaster,CG10639 gene product from transcript CG10639-RA(CG10639)
FBgn0039360,43104,Drosophila melanogaster,Cardiolipin synthase(CLS)
FBgn0030092,31845,Drosophila melanogaster,frataxin homolog(fh)
FBgn0259721,7354380,Drosophila melanogaster,CG42375 gene product from transcript CG42375-RA(CG42375)
FBgn0263133,34004,Drosophila melanogaster,iconoclast(ico)
FBgn0259722,7354420,Drosophila melanogaster,CG42376 gene product from transcript CG42376-RA(CG42376)
FBgn0034973,37855,Drosophila melanogaster,CG13564 gene product from transcript CG13564-RA(CG13564)
FBgn0027601,32426,Drosophila melanogaster,pudgy(pdgy)
FBgn0042112,59151,Drosophila melanogaster,mitochondrial ribosomal protein L36(mRpL36)
FBgn0035911,38979,Drosophila melanogaster,CG6638 gene product from transcript CG6638-RA(CG6638)
FBgn0032720,35145,Drosophila melanogaster,mitochondrial ribosomal protein L13(mRpL13)
FBgn0025336,37787,Drosophila melanogaster,CG4882 gene product from transcript CG4882-RB(CG4882)
FBgn0013726,35801,Drosophila melanogaster,peanut(pnut)
FBgn0034259,37006,Drosophila melanogaster,CG6459 gene product from transcript CG6459-RA(P32)
FBgn0034356,37130,Drosophila melanogaster,CG10924 gene product from transcript CG10924-RA(CG10924)
FBgn0029161,44132,Drosophila melanogaster,slowmo(slmo)
FBgn0034351,37124,Drosophila melanogaster,CG5190 gene product from transcript CG5190-RA(CG5190)
FBgn0035906,38974,Drosophila melanogaster,Glutathione S transferase O2(GstO2)
FBgn0027610,41640,Drosophila melanogaster,Dicarboxylate carrier 1(Dic1)